{"W0":{"pos":{"x":-196.26668051238616,"y":409.16612559935174,"z":150},"rot":{"x":0,"y":0,"z":-10.995574287564276},"clone_infos":{"numclone":0,"cloned":false,"origclone":""},"type":"wall"},"9ta3js0ge8":{"pos":{"x":608.7510524102321,"y":-1001.4596912614785,"z":150},"rot":{"x":0,"y":0,"z":-9.42477796076938},"clone_infos":{"cloned":false,"origclone":"","numclone":0},"type":"wall"},"57kermanrbp":{"pos":{"x":-359.91589761616973,"y":-938.1455904392828,"z":150},"rot":{"x":0,"y":0,"z":-9.42477796076938},"clone_infos":{"cloned":false,"origclone":"","numclone":0},"type":"wall"}}