{"thnck85yqjh":{"pos":{"x":-783.6337051424275,"y":-50.396306916729145,"z":150},"rot":{"x":0,"y":0,"z":-20.420352248333657},"clone_infos":{"cloned":false,"origclone":"","numclone":1},"type":"wall"},"e3s1suqqxvw":{"pos":{"x":-455.8815441696268,"y":-714.2986342665629,"z":150},"rot":{"x":0,"y":0,"z":-25.132741228718352},"clone_infos":{"cloned":false,"origclone":"","numclone":0},"type":"wall"},"thnck85yqjh_0":{"pos":{"x":-194.95075483490427,"y":-145.04645349834254,"z":150},"rot":{"x":0,"y":0,"z":-17.27875959474386},"clone_infos":{"numclone":1,"cloned":true,"origclone":"thnck85yqjh"},"type":"wall"},"thnck85yqjh_0_0":{"pos":{"x":453.99796140967374,"y":-505.78068338463777,"z":150},"rot":{"x":0,"y":0,"z":-15.707963267948966},"clone_infos":{"numclone":0,"cloned":true,"origclone":"thnck85yqjh_0"},"type":"wall"}}