{"gj2y1wyee4e":{"pos":{"x":-1201.8872684915325,"y":-206.18198984820515,"z":150},"rot":{"x":0,"y":0,"z":-6.283185307179586},"clone_infos":{"cloned":false,"origclone":"","numclone":0},"type":"wall"},"zxoc4psqq8":{"pos":{"x":-1332.4517606049103,"y":-315.9768940446345,"z":150},"rot":{"x":0,"y":0,"z":-4.71238898038469},"clone_infos":{"cloned":false,"origclone":"","numclone":0},"type":"wall"},"n1mlznz08qa":{"pos":{"x":-1125.3799096833752,"y":-274.29355380592824,"z":150},"rot":{"x":0,"y":0,"z":-1.5707963267948966},"clone_infos":{"cloned":false,"origclone":"","numclone":0},"type":"wall"},"ophwv2590w":{"pos":{"x":-1126.0948943900905,"y":-433.24087158667317,"z":150},"rot":{"x":0,"y":0,"z":-1.5707963267948966},"clone_infos":{"cloned":false,"origclone":"","numclone":0},"type":"wall"},"grcgum9m945":{"pos":{"x":-70.16223588619617,"y":-818.6011566622803,"z":150},"rot":{"x":0,"y":0,"z":0},"clone_infos":{"cloned":false,"origclone":"","numclone":0},"type":"wall"},"fhx19zyf2g5":{"pos":{"x":-736.1317723749945,"y":-368.5124408965976,"z":150},"rot":{"x":0,"y":0,"z":0},"clone_infos":{"cloned":false,"origclone":"","numclone":0},"type":"wall"},"qez5bauqgb":{"pos":{"x":-603.7655101713759,"y":18.490822210131228,"z":150},"rot":{"x":0,"y":0,"z":0},"clone_infos":{"cloned":false,"origclone":"","numclone":0},"type":"wall"},"rm71ybo3hrb":{"pos":{"x":-158.65918315704062,"y":133.53842683577204,"z":150},"rot":{"x":0,"y":0,"z":0},"clone_infos":{"cloned":false,"origclone":"","numclone":0},"type":"wall"}}