{"thnck85yqjh":{"pos":{"x":-836.871247532942,"y":-370.8123528536935,"z":150},"rot":{"x":0,"y":0,"z":-10.995574287564276},"clone_infos":{"cloned":false,"origclone":"","numclone":1},"type":"wall"},"e3s1suqqxvw":{"pos":{"x":-377.14267463036845,"y":-682.5806732229682,"z":150},"rot":{"x":0,"y":0,"z":-9.42477796076938},"clone_infos":{"cloned":false,"origclone":"","numclone":0},"type":"wall"},"thnck85yqjh_0":{"pos":{"x":-194.95075483490427,"y":-145.04645349834254,"z":150},"rot":{"x":0,"y":0,"z":-7.853981633974483},"clone_infos":{"numclone":1,"cloned":true,"origclone":"thnck85yqjh"},"type":"wall"},"thnck85yqjh_0_0":{"pos":{"x":255.44987063479584,"y":-456.94777138248764,"z":150},"rot":{"x":0,"y":0,"z":-9.42477796076938},"clone_infos":{"numclone":0,"cloned":true,"origclone":"thnck85yqjh_0"},"type":"wall"}}