{"thnck85yqjh":{"pos":{"x":-783.6337051424275,"y":-50.396306916729145,"z":150},"rot":{"x":0,"y":0,"z":-21.991148575128555},"clone_infos":{"cloned":false,"origclone":"","numclone":1},"type":"wall"},"e3s1suqqxvw":{"pos":{"x":-455.8815441696268,"y":-714.2986342665629,"z":150},"rot":{"x":0,"y":0,"z":-26.70353755551325},"clone_infos":{"cloned":false,"origclone":"","numclone":0},"type":"wall"},"thnck85yqjh_0":{"pos":{"x":-194.95075483490427,"y":-145.04645349834254,"z":150},"rot":{"x":0,"y":0,"z":-18.84955592153876},"clone_infos":{"numclone":1,"cloned":true,"origclone":"thnck85yqjh"},"type":"wall"},"thnck85yqjh_0_0":{"pos":{"x":453.99796140967374,"y":-505.78068338463777,"z":150},"rot":{"x":0,"y":0,"z":-17.27875959474386},"clone_infos":{"numclone":0,"cloned":true,"origclone":"thnck85yqjh_0"},"type":"wall"},"gj2y1wyee4e":{"pos":{"x":-1819.9442786864304,"y":-934.8632230957141,"z":150},"rot":{"x":0,"y":0,"z":-1.5707963267948966},"clone_infos":{"cloned":false,"origclone":"","numclone":0},"type":"wall"},"97imhxhn737":{"pos":{"x":-1446.6972551811868,"y":-1123.0183900106083,"z":150},"rot":{"x":0,"y":0,"z":-1.5707963267948966},"clone_infos":{"cloned":false,"origclone":"","numclone":0},"type":"wall"},"miqobfzhh":{"pos":{"x":-1615.6516371023365,"y":-650.3370729390633,"z":150},"rot":{"x":0,"y":0,"z":-1.5707963267948966},"clone_infos":{"cloned":false,"origclone":"","numclone":0},"type":"wall"},"zxoc4psqq8":{"pos":{"x":-1583.1023655380523,"y":-90.72532176159302,"z":150},"rot":{"x":0,"y":0,"z":-1.5707963267948966},"clone_infos":{"cloned":false,"origclone":"","numclone":0},"type":"wall"},"86t2rfwek7m":{"pos":{"x":-161.66803954326593,"y":-1365.0651788814578,"z":150},"rot":{"x":0,"y":0,"z":0},"clone_infos":{"cloned":false,"origclone":"","numclone":0},"type":"wall"}}