{"thnck85yqjh":{"pos":{"x":48.81998580617668,"y":-1130.1066018776562,"z":150},"rot":{"x":0,"y":0,"z":-3.141592653589793},"clone_infos":{"cloned":false,"origclone":"","numclone":0},"type":"wall"},"e3s1suqqxvw":{"pos":{"x":497.1498156392354,"y":-1268.618464418868,"z":150},"rot":{"x":0,"y":0,"z":-3.141592653589793},"clone_infos":{"cloned":false,"origclone":"","numclone":0},"type":"wall"}}