{"W0":{"pos":{"x":544.4921044506195,"y":-109.57955725108377,"z":150},"rot":{"x":0,"y":0,"z":-10.995574287564276},"clone_infos":{"numclone":0,"cloned":false,"origclone":""},"type":"wall"},"9ta3js0ge8":{"pos":{"x":-782.8987165401779,"y":-346.57300219871854,"z":150},"rot":{"x":0,"y":0,"z":-10.995574287564276},"clone_infos":{"cloned":false,"origclone":"","numclone":0},"type":"wall"},"57kermanrbp":{"pos":{"x":-596.4260818094538,"y":-154.6364336055086,"z":150},"rot":{"x":0,"y":0,"z":-10.995574287564276},"clone_infos":{"cloned":false,"origclone":"","numclone":0},"type":"wall"}}