{"W0":{"pos":{"x":-1094.576924353129,"y":-522.1495666559347,"z":150},"rot":{"x":0,"y":0,"z":-14.137166941154069},"clone_infos":{"numclone":0,"cloned":false,"origclone":""},"type":"wall"},"9ta3js0ge8":{"pos":{"x":-825.5137892426906,"y":-213.68922008819442,"z":150},"rot":{"x":0,"y":0,"z":-23.561944901923454},"clone_infos":{"cloned":false,"origclone":"","numclone":0},"type":"wall"},"57kermanrbp":{"pos":{"x":-823.8082236649525,"y":250.84699386525278,"z":150},"rot":{"x":0,"y":0,"z":-20.420352248333657},"clone_infos":{"cloned":false,"origclone":"","numclone":0},"type":"wall"},"68rs08dg0o2":{"pos":{"x":-192.15075281185625,"y":-904.6684897903632,"z":150},"rot":{"x":0,"y":0,"z":-1.5707963267948966},"clone_infos":{"cloned":false,"origclone":"","numclone":0},"type":"wall"},"ilek2nnozil":{"pos":{"x":445.78979510683354,"y":-890.4180568220875,"z":150},"rot":{"x":0,"y":0,"z":-1.5707963267948966},"clone_infos":{"cloned":false,"origclone":"","numclone":0},"type":"wall"},"8irfmnesm1l":{"pos":{"x":731.7782687445448,"y":-448.82356613717207,"z":150},"rot":{"x":0,"y":0,"z":-3.141592653589793},"clone_infos":{"cloned":false,"origclone":"","numclone":0},"type":"wall"}}