{"W0":{"pos":{"x":-196.26668051238616,"y":409.16612559935174,"z":150},"rot":{"x":0,"y":0,"z":-1.5707963267948966},"clone":{"numclone":0,"cloned":false,"origclone":""}, "type":"wall"}, "W1":{"pos":{"x":0,"y":0,"z":150},"rot":{"x":0,"y":0,"z":-1.5707963267948966},"clone":{"numclone":0,"cloned":false,"origclone":""}, "type":"wall"}}
